,Model,cut,dent,color,joint
0,PatchCore,0.0,0.0,0.0,0.0
1,PaDiM,0.0,0.0,0.0,0.0
2,CAE,0.0017336476548092188,0.0017861959100979779,0.0017889651073493408,0.0017739475768481984
3,DINO,0.19497461524811013,0.1889243646529262,0.18112297573565303,0.182919523605844
4,SimpleNet,0.002576022790428082,0.002652925030901022,0.002649374277128152,0.0026289985191090813
5,STFPM,0.19343822361976543,0.19523586645761143,0.19519232272584341,0.22018966673066145
6,PatchCore_Wide,0.02619763875320338,0.02527068223663845,0.025074597841977356,0.026397008907720204
7,PatchCore_Eff,1.0,1.0,1.0,1.0
8,GMM,0.4124435930365882,0.39014214858732343,0.3896925344990118,0.4272586790710068
